	ITA	GER	SWE
ITA		0.0229354	0.0366148
GER			0.026644
